{"cameraMode":{"drawMode":0,"name":"Shaded","section":"Shading Mode"},"sceneLighting":true,"audioPlay":false,"sceneViewState":{"showFog":true,"showMaterialUpdate":false,"showSkybox":true,"showFlares":true,"showImageEffects":true,"showParticleSystems":true},"in2DMode":false,"pivot":{"x":-19.462024688720704,"y":1.0917983055114747,"z":-0.4750938415527344},"rotation":{"x":0.21722069382667542,"y":0.017567412927746774,"z":-0.003910916857421398,"w":0.9759626388549805},"size":4.248563766479492,"orthographic":false}